name,roll number,password
Ishaan Reddy,R230001,R230001
Isha Patel,R230002,R230002
Manav Singh,R230003,R230003
Vivaan Patel,R230004,R230004
Tanya Kumar,R230005,R230005
Aanya Singh,R230006,R230006
Aditya Reddy,R230007,R230007
Raghav Kumar,R230008,R230008
Ananya Singh,R230009,R230009
Meera Reddy,R230010,R230010
Kabir Sharma,R230011,R230011
Yash Kumar,R230012,R230012
Isha Singh,R230013,R230013
Vivaan Sharma,R230014,R230014
Meera Kumar,R230015,R230015
Krishna Reddy,R230016,R230016
Meera Patel,R230017,R230017
Aarav Sharma,R230018,R230018
Aanya Reddy,R230019,R230019
Tanya Sharma,R230020,R230020
Raghav Verma,R230021,R230021
Saanvi Sharma,R230022,R230022
Yash Verma,R230023,R230023
Ananya Singh,R230024,R230024
Shaurya Reddy,R230025,R230025
Saanvi Reddy,R230026,R230026
Raj Verma,R230027,R230027
Kunal Reddy,R230028,R230028
Aryan Verma,R230029,R230029
Aarav Singh,R230030,R230030
Kabir Patel,R230031,R230031
Vihaan Verma,R230032,R230032
Rohan Verma,R230033,R230033
Nikhil Reddy,R230034,R230034
Ishaan Reddy,R230035,R230035
Isha Verma,R230036,R230036
Atharv Kumar,R230037,R230037
Aditya Kumar,R230038,R230038
Riya Verma,R230039,R230039
Krishna Singh,R230040,R230040
Harsh Singh,R230041,R230041
Myra Sharma,R230042,R230042
Yash Sharma,R230043,R230043
Vivaan Singh,R230044,R230044
Aarav Singh,R230045,R230045
Tanya Patel,R230046,R230046
Ishaan Reddy,R230047,R230047
Riya Singh,R230048,R230048
Vivaan Singh,R230049,R230049
Riya Reddy,R230050,R230050
Diya Singh,R230051,R230051
Riya Sharma,R230052,R230052
Raj Reddy,R230053,R230053
Kavya Reddy,R230054,R230054
Rohan Verma,R230055,R230055
Raj Verma,R230056,R230056
Riya Reddy,R230057,R230057
Raj Reddy,R230058,R230058
Arjun Patel,R230059,R230059
Harsh Reddy,R230060,R230060
Kunal Verma,R230061,R230061
Saanvi Verma,R230062,R230062
Raj Patel,R230063,R230063
Arjun Sharma,R230064,R230064
Raghav Patel,R230065,R230065
Nikhil Reddy,R230066,R230066
Rohan Patel,R230067,R230067
Arjun Verma,R230068,R230068
Nikhil Sharma,R230069,R230069
Diya Verma,R230070,R230070
Nikhil Kumar,R230071,R230071
Atharv Reddy,R230072,R230072
Aanya Singh,R230073,R230073
Riya Patel,R230074,R230074
Krishna Sharma,R230075,R230075
Diya Singh,R230076,R230076
Vivaan Verma,R230077,R230077
Diya Singh,R230078,R230078
Aarav Reddy,R230079,R230079
Arjun Reddy,R230080,R230080
Isha Verma,R230081,R230081
Aditya Singh,R230082,R230082
Kabir Verma,R230083,R230083
Rohan Singh,R230084,R230084
Aryan Singh,R230085,R230085
Isha Reddy,R230086,R230086
Atharv Verma,R230087,R230087
Myra Verma,R230088,R230088
Aditya Reddy,R230089,R230089
Myra Verma,R230090,R230090
Rohan Sharma,R230091,R230091
Kavya Sharma,R230092,R230092
Krishna Sharma,R230093,R230093
Myra Sharma,R230094,R230094
Shaurya Singh,R230095,R230095
Nikhil Singh,R230096,R230096
Kunal Reddy,R230097,R230097
Isha Reddy,R230098,R230098
Rohan Singh,R230099,R230099
Isha Reddy,R230100,R230100
Raghav Kumar,R230101,R230101
Atharv Patel,R230102,R230102
Raj Patel,R230103,R230103
Raghav Sharma,R230104,R230104
Raghav Patel,R230105,R230105
Diya Kumar,R230106,R230106
Vihaan Verma,R230107,R230107
Arjun Singh,R230108,R230108
Harsh Verma,R230109,R230109
Rohan Sharma,R230110,R230110
Vivaan Verma,R230111,R230111
Harsh Singh,R230112,R230112
Shaurya Kumar,R230113,R230113
Vihaan Reddy,R230114,R230114
Ananya Verma,R230115,R230115
Kunal Kumar,R230116,R230116
Manav Patel,R230117,R230117
Aarav Reddy,R230118,R230118
Isha Verma,R230119,R230119
Aditya Sharma,R230120,R230120
Nikhil Kumar,R230121,R230121
Ishaan Reddy,R230122,R230122
Yash Patel,R230123,R230123
Siddharth Patel,R230124,R230124
Nikhil Patel,R230125,R230125
Manav Singh,R230126,R230126
Meera Patel,R230127,R230127
Aarav Reddy,R230128,R230128
Tanya Verma,R230129,R230129
Krishna Kumar,R230130,R230130
Ishaan Reddy,R230131,R230131
Meera Patel,R230132,R230132
Siddharth Kumar,R230133,R230133
Isha Singh,R230134,R230134
Aryan Sharma,R230135,R230135
Myra Verma,R230136,R230136
Aditya Singh,R230137,R230137
Kunal Patel,R230138,R230138
Saanvi Kumar,R230139,R230139
Kunal Kumar,R230140,R230140
Myra Kumar,R230141,R230141
Kavya Sharma,R230142,R230142
Aryan Patel,R230143,R230143
Aarav Sharma,R230144,R230144
Nikhil Kumar,R230145,R230145
Shaurya Singh,R230146,R230146
Riya Kumar,R230147,R230147
Arjun Reddy,R230148,R230148
Ananya Kumar,R230149,R230149
Ishaan Kumar,R230150,R230150
Myra Singh,R230151,R230151
Ananya Reddy,R230152,R230152
Saanvi Verma,R230153,R230153
Kunal Reddy,R230154,R230154
Kunal Sharma,R230155,R230155
Isha Kumar,R230156,R230156
Raghav Singh,R230157,R230157
Rohan Reddy,R230158,R230158
Aryan Sharma,R230159,R230159
Riya Kumar,R230160,R230160
Riya Sharma,R230161,R230161
Manav Verma,R230162,R230162
Yash Reddy,R230163,R230163
Aryan Kumar,R230164,R230164
Krishna Reddy,R230165,R230165
Arjun Sharma,R230166,R230166
Vihaan Reddy,R230167,R230167
Tanya Verma,R230168,R230168
Aryan Verma,R230169,R230169
Diya Sharma,R230170,R230170
Vihaan Verma,R230171,R230171
Tanya Patel,R230172,R230172
Meera Singh,R230173,R230173
Yash Sharma,R230174,R230174
Rohan Patel,R230175,R230175
Siddharth Kumar,R230176,R230176
Myra Sharma,R230177,R230177
Myra Verma,R230178,R230178
Tanya Verma,R230179,R230179
Kabir Kumar,R230180,R230180
Rohan Kumar,R230181,R230181
Nikhil Verma,R230182,R230182
Kunal Kumar,R230183,R230183
Ishaan Verma,R230184,R230184
Kavya Singh,R230185,R230185
Myra Kumar,R230186,R230186
Arjun Patel,R230187,R230187
Nikhil Kumar,R230188,R230188
Manav Reddy,R230189,R230189
Krishna Verma,R230190,R230190
Kavya Sharma,R230191,R230191
Meera Verma,R230192,R230192
Vihaan Reddy,R230193,R230193
Krishna Reddy,R230194,R230194
Aanya Singh,R230195,R230195
Harsh Singh,R230196,R230196
Isha Singh,R230197,R230197
Aditya Patel,R230198,R230198
Arjun Verma,R230199,R230199
Aryan Patel,R230200,R230200
Kunal Reddy,R240001,R240001
Siddharth Reddy,R240002,R240002
Vivaan Sharma,R240003,R240003
Ishaan Singh,R240004,R240004
Krishna Reddy,R240005,R240005
Vihaan Reddy,R240006,R240006
Kavya Sharma,R240007,R240007
Vivaan Patel,R240008,R240008
Saanvi Patel,R240009,R240009
Kavya Patel,R240010,R240010
Atharv Sharma,R240011,R240011
Raj Singh,R240012,R240012
Diya Verma,R240013,R240013
Arjun Patel,R240014,R240014
Shaurya Verma,R240015,R240015
Aarav Sharma,R240016,R240016
Ananya Verma,R240017,R240017
Krishna Patel,R240018,R240018
Kunal Singh,R240019,R240019
Aarav Verma,R240020,R240020
Harsh Verma,R240021,R240021
Kunal Patel,R240022,R240022
Rohan Verma,R240023,R240023
Riya Kumar,R240024,R240024
Arjun Kumar,R240025,R240025
Vivaan Reddy,R240026,R240026
Raghav Patel,R240027,R240027
Raj Verma,R240028,R240028
Manav Verma,R240029,R240029
Ananya Patel,R240030,R240030
Rohan Singh,R240031,R240031
Siddharth Singh,R240032,R240032
Myra Reddy,R240033,R240033
Yash Sharma,R240034,R240034
Aarav Patel,R240035,R240035
Siddharth Verma,R240036,R240036
Harsh Patel,R240037,R240037
Ananya Verma,R240038,R240038
Kunal Singh,R240039,R240039
Saanvi Sharma,R240040,R240040
Ishaan Kumar,R240041,R240041
Ananya Kumar,R240042,R240042
Kabir Kumar,R240043,R240043
Aarav Verma,R240044,R240044
Shaurya Sharma,R240045,R240045
Kavya Kumar,R240046,R240046
Saanvi Reddy,R240047,R240047
Meera Singh,R240048,R240048
Isha Reddy,R240049,R240049
Kavya Kumar,R240050,R240050
Siddharth Kumar,R240051,R240051
Aarav Singh,R240052,R240052
Vihaan Sharma,R240053,R240053
Diya Singh,R240054,R240054
Riya Singh,R240055,R240055
Kavya Reddy,R240056,R240056
Rohan Verma,R240057,R240057
Arjun Singh,R240058,R240058
Myra Singh,R240059,R240059
Ishaan Reddy,R240060,R240060
Tanya Kumar,R240061,R240061
Isha Verma,R240062,R240062
Ananya Kumar,R240063,R240063
Ananya Reddy,R240064,R240064
Tanya Verma,R240065,R240065
Raj Sharma,R240066,R240066
Kavya Singh,R240067,R240067
Nikhil Kumar,R240068,R240068
Aryan Verma,R240069,R240069
Ananya Reddy,R240070,R240070
Manav Patel,R240071,R240071
Kunal Singh,R240072,R240072
Aditya Patel,R240073,R240073
Kunal Reddy,R240074,R240074
Riya Kumar,R240075,R240075
Ishaan Singh,R240076,R240076
Raghav Sharma,R240077,R240077
Vihaan Singh,R240078,R240078
Shaurya Singh,R240079,R240079
Atharv Reddy,R240080,R240080
Aryan Verma,R240081,R240081
Diya Patel,R240082,R240082
Diya Sharma,R240083,R240083
Vivaan Patel,R240084,R240084
Rohan Patel,R240085,R240085
Shaurya Verma,R240086,R240086
Shaurya Patel,R240087,R240087
Aditya Reddy,R240088,R240088
Kabir Patel,R240089,R240089
Myra Patel,R240090,R240090
Arjun Reddy,R240091,R240091
Kunal Kumar,R240092,R240092
Aditya Verma,R240093,R240093
Arjun Kumar,R240094,R240094
Ananya Sharma,R240095,R240095
Ananya Patel,R240096,R240096
Aryan Sharma,R240097,R240097
Kunal Sharma,R240098,R240098
Manav Sharma,R240099,R240099
Shaurya Singh,R240100,R240100
Tanya Patel,R240101,R240101
Isha Kumar,R240102,R240102
Manav Sharma,R240103,R240103
Aryan Patel,R240104,R240104
Kunal Reddy,R240105,R240105
Kavya Singh,R240106,R240106
Diya Sharma,R240107,R240107
Yash Kumar,R240108,R240108
Riya Kumar,R240109,R240109
Ishaan Verma,R240110,R240110
Ishaan Patel,R240111,R240111
Kabir Verma,R240112,R240112
Vihaan Verma,R240113,R240113
Harsh Sharma,R240114,R240114
Vivaan Singh,R240115,R240115
Yash Verma,R240116,R240116
Kavya Kumar,R240117,R240117
Myra Sharma,R240118,R240118
Vihaan Singh,R240119,R240119
Kavya Verma,R240120,R240120
Ishaan Patel,R240121,R240121
Krishna Singh,R240122,R240122
Manav Singh,R240123,R240123
Diya Patel,R240124,R240124
Harsh Singh,R240125,R240125
Siddharth Reddy,R240126,R240126
Vivaan Verma,R240127,R240127
Manav Sharma,R240128,R240128
Raj Kumar,R240129,R240129
Aanya Reddy,R240130,R240130
Aditya Sharma,R240131,R240131
Aarav Reddy,R240132,R240132
Siddharth Sharma,R240133,R240133
Vihaan Patel,R240134,R240134
Harsh Patel,R240135,R240135
Myra Sharma,R240136,R240136
Aryan Verma,R240137,R240137
Raghav Singh,R240138,R240138
Diya Sharma,R240139,R240139
Nikhil Kumar,R240140,R240140
Rohan Singh,R240141,R240141
Ananya Kumar,R240142,R240142
Saanvi Reddy,R240143,R240143
Manav Singh,R240144,R240144
Vihaan Singh,R240145,R240145
Riya Singh,R240146,R240146
Nikhil Reddy,R240147,R240147
Raj Singh,R240148,R240148
Ishaan Patel,R240149,R240149
Aditya Singh,R240150,R240150
Isha Singh,R240151,R240151
Kabir Verma,R240152,R240152
Isha Sharma,R240153,R240153
Nikhil Singh,R240154,R240154
Riya Sharma,R240155,R240155
Ishaan Patel,R240156,R240156
Manav Patel,R240157,R240157
Yash Kumar,R240158,R240158
Raghav Kumar,R240159,R240159
Rohan Patel,R240160,R240160
Raj Sharma,R240161,R240161
Ananya Kumar,R240162,R240162
Diya Singh,R240163,R240163
Aditya Patel,R240164,R240164
Siddharth Reddy,R240165,R240165
Aditya Sharma,R240166,R240166
Riya Sharma,R240167,R240167
Ananya Singh,R240168,R240168
Vivaan Verma,R240169,R240169
Raj Sharma,R240170,R240170
Manav Kumar,R240171,R240171
Meera Verma,R240172,R240172
Meera Patel,R240173,R240173
Arjun Patel,R240174,R240174
Vivaan Reddy,R240175,R240175
Raj Reddy,R240176,R240176
Harsh Singh,R240177,R240177
Kunal Kumar,R240178,R240178
Saanvi Verma,R240179,R240179
Atharv Singh,R240180,R240180
Vivaan Reddy,R240181,R240181
Nikhil Sharma,R240182,R240182
Ishaan Singh,R240183,R240183
Raghav Reddy,R240184,R240184
Riya Patel,R240185,R240185
Krishna Patel,R240186,R240186
Aanya Singh,R240187,R240187
Vivaan Kumar,R240188,R240188
Siddharth Verma,R240189,R240189
Kunal Sharma,R240190,R240190
Kavya Reddy,R240191,R240191
Aarav Kumar,R240192,R240192
Kabir Singh,R240193,R240193
Kabir Patel,R240194,R240194
Meera Kumar,R240195,R240195
Siddharth Singh,R240196,R240196
Shaurya Singh,R240197,R240197
Aryan Reddy,R240198,R240198
Kavya Kumar,R240199,R240199
Atharv Kumar,R240200,R240200
Meera Kumar,R250001,Meera
Arjun Verma,R250002,R250002
Myra Reddy,R250003,R250003
Vihaan Singh,R250004,R250004
Diya Patel,R250005,R250005
Atharv Patel,R250006,R250006
Rohan Singh,R250007,R250007
Ishaan Singh,R250008,R250008
Harsh Sharma,R250009,R250009
Aryan Singh,R250010,R250010
Aanya Verma,R250011,R250011
Isha Sharma,R250012,R250012
Arjun Singh,R250013,R250013
Riya Verma,R250014,R250014
Kavya Verma,R250015,R250015
Vivaan Reddy,R250016,R250016
Aanya Kumar,R250017,R250017
Shaurya Patel,R250018,R250018
Rohan Kumar,R250019,R250019
Aryan Verma,R250020,R250020
Kabir Singh,R250021,R250021
Kabir Sharma,R250022,R250022
Atharv Sharma,R250023,R250023
Atharv Sharma,R250024,R250024
Harsh Reddy,R250025,R250025
Raghav Reddy,R250026,R250026
Aryan Verma,R250027,R250027
Aarav Patel,R250028,R250028
Riya Kumar,R250029,R250029
Aditya Kumar,R250030,R250030
Tanya Singh,R250031,R250031
Saanvi Singh,R250032,R250032
Vihaan Sharma,R250033,R250033
Shaurya Sharma,R250034,R250034
Vivaan Singh,R250035,R250035
Ishaan Kumar,R250036,R250036
Saanvi Reddy,R250037,R250037
Diya Verma,R250038,R250038
Aditya Patel,R250039,R250039
Raj Kumar,R250040,R250040
Myra Kumar,R250041,R250041
Kunal Patel,R250042,R250042
Krishna Verma,R250043,R250043
Tanya Patel,R250044,R250044
Aanya Verma,R250045,R250045
Rohan Singh,R250046,R250046
Kunal Kumar,R250047,R250047
Tanya Patel,R250048,R250048
Aditya Sharma,R250049,R250049
Aanya Verma,R250050,R250050
Raj Verma,R250051,R250051
Rohan Singh,R250052,R250052
Harsh Kumar,R250053,R250053
Kabir Kumar,R250054,R250054
Aryan Patel,R250055,R250055
Vihaan Kumar,R250056,R250056
Raghav Sharma,R250057,R250057
Raghav Reddy,R250058,R250058
Krishna Patel,R250059,R250059
Aryan Singh,R250060,R250060
Raj Patel,R250061,R250061
Shaurya Patel,R250062,R250062
Arjun Kumar,R250063,R250063
Manav Kumar,R250064,R250064
Myra Patel,R250065,R250065
Kavya Patel,R250066,R250066
Arjun Reddy,R250067,R250067
Aryan Patel,R250068,R250068
Ananya Verma,R250069,R250069
Rohan Patel,R250070,R250070
Siddharth Verma,R250071,R250071
Siddharth Patel,R250072,R250072
Krishna Kumar,R250073,R250073
Raghav Kumar,R250074,R250074
Aarav Reddy,R250075,R250075
Tanya Patel,R250076,R250076
Ananya Patel,R250077,R250077
Vivaan Reddy,R250078,R250078
Raj Kumar,R250079,R250079
Kavya Sharma,R250080,R250080
Aditya Kumar,R250081,R250081
Raj Verma,R250082,R250082
Shaurya Patel,R250083,R250083
Rohan Verma,R250084,R250084
Myra Sharma,R250085,R250085
Aryan Reddy,R250086,R250086
Aryan Patel,R250087,R250087
Kunal Patel,R250088,R250088
Isha Patel,R250089,R250089
Aryan Sharma,R250090,R250090
Arjun Reddy,R250091,R250091
Atharv Patel,R250092,R250092
Aryan Patel,R250093,R250093
Raj Kumar,R250094,R250094
Aanya Verma,R250095,R250095
Harsh Sharma,R250096,R250096
Saanvi Reddy,R250097,R250097
Riya Patel,R250098,R250098
Aryan Verma,R250099,R250099
Tanya Patel,R250100,R250100
Diya Verma,R250101,R250101
Yash Kumar,R250102,R250102
Kabir Reddy,R250103,R250103
Isha Kumar,R250104,R250104
Yash Kumar,R250105,R250105
Kabir Kumar,R250106,R250106
Diya Verma,R250107,R250107
Ishaan Patel,R250108,R250108
Shaurya Singh,R250109,R250109
Rohan Verma,R250110,R250110
Saanvi Reddy,R250111,R250111
Vivaan Singh,R250112,R250112
Vivaan Verma,R250113,R250113
Manav Singh,R250114,R250114
Saanvi Reddy,R250115,R250115
Aarav Reddy,R250116,R250116
Aarav Verma,R250117,R250117
Siddharth Patel,R250118,R250118
Siddharth Reddy,R250119,R250119
Shaurya Reddy,R250120,R250120
Atharv Reddy,R250121,R250121
Kunal Reddy,R250122,R250122
Isha Kumar,R250123,R250123
Meera Patel,R250124,R250124
Ananya Singh,R250125,R250125
Meera Verma,R250126,R250126
Yash Patel,R250127,R250127
Vivaan Singh,R250128,R250128
Tanya Patel,R250129,R250129
Vihaan Verma,R250130,R250130
Meera Reddy,R250131,R250131
Tanya Sharma,R250132,R250132
Rohan Verma,R250133,R250133
Kunal Patel,R250134,R250134
Vivaan Kumar,R250135,R250135
Raghav Verma,R250136,R250136
Kabir Sharma,R250137,R250137
Manav Reddy,R250138,R250138
Myra Verma,R250139,R250139
Myra Sharma,R250140,R250140
Aarav Verma,R250141,R250141
Isha Singh,R250142,R250142
Manav Sharma,R250143,R250143
Aanya Reddy,R250144,R250144
Aditya Reddy,R250145,R250145
Aarav Singh,R250146,R250146
Raghav Sharma,R250147,R250147
Meera Sharma,R250148,R250148
Raj Kumar,R250149,R250149
Arjun Patel,R250150,R250150
Shaurya Singh,R250151,R250151
Aanya Verma,R250152,R250152
Isha Singh,R250153,R250153
Tanya Reddy,R250154,R250154
Myra Verma,R250155,R250155
Tanya Sharma,R250156,R250156
Manav Singh,R250157,R250157
Kunal Singh,R250158,R250158
Krishna Reddy,R250159,R250159
Kabir Sharma,R250160,R250160
Aarav Patel,R250161,R250161
Tanya Patel,R250162,R250162
Arjun Kumar,R250163,R250163
Manav Sharma,R250164,R250164
Myra Reddy,R250165,R250165
Aanya Sharma,R250166,R250166
Rohan Verma,R250167,R250167
Raj Reddy,R250168,R250168
Diya Patel,R250169,R250169
Shaurya Kumar,R250170,R250170
Aryan Verma,R250171,R250171
Riya Sharma,R250172,R250172
Raj Sharma,R250173,R250173
Raj Verma,R250174,R250174
Saanvi Patel,R250175,R250175
Kavya Reddy,R250176,R250176
Krishna Verma,R250177,R250177
Aarav Reddy,R250178,R250178
Rohan Reddy,R250179,R250179
Vihaan Verma,R250180,R250180
Ishaan Verma,R250181,R250181
Kabir Verma,R250182,R250182
Tanya Singh,R250183,R250183
Kunal Sharma,R250184,R250184
Meera Sharma,R250185,R250185
Isha Kumar,R250186,R250186
Nikhil Sharma,R250187,R250187
Vihaan Patel,R250188,R250188
Yash Sharma,R250189,R250189
Rohan Verma,R250190,R250190
Raghav Verma,R250191,R250191
Meera Singh,R250192,R250192
Vivaan Singh,R250193,R250193
Rohan Kumar,R250194,R250194
Aanya Verma,R250195,R250195
Vivaan Verma,R250196,R250196
Isha Reddy,R250197,R250197
Rohan Verma,R250198,R250198
Aarav Patel,R250199,R250199
Harsh Patel,R250200,R250200
